Stock_Ticker,Decision_Date,Remedy_Amount,"SM_[-2,3)_2LS"
IPXL,"November 30, 2012",569245,0.0038985917775238364
IPXL,"November 7, 2012",569245,-0.0069000766618943134
MU,"May 8, 2013",250000000,0.11651304760830128
MU,"March 21, 2012",8123110,-0.04879016416943217
MU,"March 8, 2010",764839,0.04348511193973889
MU,"March 10, 2009",47845402,0.10536051565782634
MU,"March 10, 2009",133584129,0.10536051565782634
MU,"March 10, 2009",215451713,0.10536051565782634
NVDA,"May 8, 2013",250000000,0.04717521937421491
NVDA,"March 21, 2012",8123110,-0.003430582243754556
NVDA,"March 8, 2010",764839,0.056122113644606
NVDA,"March 10, 2009",47845402,0.1760470372096216
NVDA,"March 10, 2009",133584129,0.1760470372096216
NVDA,"March 10, 2009",215451713,0.1760470372096216
RMBS,"May 8, 2013",250000000,0.10939137802013515
RMBS,"March 21, 2012",8123110,-0.02825466765759975
RMBS,"March 8, 2010",764839,0.04942605462739818
RMBS,"March 10, 2009",47845402,0.15917581602993136
RMBS,"March 10, 2009",133584129,0.15917581602993136
RMBS,"March 10, 2009",215451713,0.15917581602993136
MON,"March 14, 2014",4511111,0.021842777024564816
MON,"March 14, 2014",10886112,0.021842777024564816
MON,"September 21, 2010",2600000,-0.06380529145172656
MON,"September 21, 2010",6300000,-0.06380529145172656
TGT,"February 29, 2008",1372680,-0.03390756320682591
TGT,"February 29, 2008",1368514,-0.03390756320682591
TGT,"February 29, 2008",290489,-0.03390756320682591
TGT,"February 29, 2008",291137,-0.03390756320682591
TGT,"February 29, 2008",881195,-0.03390756320682591
HPQ,"June 2, 2009",943675,0.03927614878433912
HPQ,"June 2, 2009",16791107,0.03927614878433912
HPQ,"June 2, 2009",53494282,0.03927614878433912
HPQ,"May 15, 2009",943675,0.044439388922006565
HPQ,"March 31, 2009",53494282,0.014651389909939722
HPQ,"March 30, 2009",53494282,0.05855474227300059
BMY,"January 30, 2012",900000,-0.008291098834944739
BMY,"January 30, 2012",1258682,-0.008291098834944739
BMY,"January 30, 2012",900000,-0.008291098834944739
BMY,"January 30, 2012",1258682,-0.008291098834944739
BMY,"January 30, 2012",442209362,-0.008291098834944739
BMY,"October 19, 2010",442209362,-0.014647020833829544
CTXS,"September 26, 2014",197597,0.010852073019915181
CTXS,"September 11, 2014",197597,-0.0001395216512709806
CTXS,"April 28, 2008",755663,0.011053196069745558
TGT,"February 29, 2008",1372680,-0.03390756320682591
TGT,"February 29, 2008",290489,-0.03390756320682591
TGT,"February 29, 2008",291137,-0.03390756320682591
TGT,"February 29, 2008",881195,-0.03390756320682591
MSFT,"November 17, 2008",423712,-0.09751450907360379
HON,"February 6, 2014",75000000,0.04516189893211639
HON,"February 5, 2014",75000000,0.02093449518761625
HON,"December 5, 2012",1892551,0.010381391771609266
LMT,"February 6, 2014",75000000,0.04136853119663966
LMT,"February 5, 2014",75000000,0.02758011262742025
LMT,"December 5, 2012",1892551,-0.015118922914697625
BDX,"October 29, 2008",7721183,0.036090044290244046
BDX,"October 29, 2008",50723061,0.036090044290244046
PHG,"January 30, 2009",61039566,0.05006246422708999
BSX,"February 2, 2010",1725000000,-0.06392708730623259
CAJ,"November 19, 2009",1318247,0.0010429222587450826
CAJ,"November 19, 2009",3003465,0.0010429222587450826
CAJ,"September 25, 2008",3003465,-0.07129019909788616
KYO,"November 19, 2009",1318247,-0.03339009374820719
KYO,"November 19, 2009",3003465,-0.03339009374820719
KYO,"September 25, 2008",3003465,-0.028923014426560714
MSFT,"December 4, 2008",9186075,0.12129966495792205
BCR,"March 31, 2009",1900000,0.0065082959173893605
BCR,"March 31, 2009",18558987,0.0065082959173893605
BCR,"March 31, 2009",19000000,0.0065082959173893605
BCR,"July 30, 2008",185589870,-0.03406054691994891
BAX,"March 16, 2012",9305254,-0.003689585173517058
BAX,"March 16, 2012",14266000,-0.003689585173517058
BAX,"April 4, 2008",2905429,-0.0028379037828512588
BAX,"April 4, 2008",14266000,-0.0028379037828512588
HPQ,"April 9, 2008",45300000,-0.020246576828435867
INTC,"April 9, 2008",45300000,-0.029229613713112942
SNPS,"April 26, 2012",675154,0.027361915931464878
SNPS,"November 12, 2010",938957,-0.03260722342136084
SNPS,"September 29, 2010",938957,0.0036210460732809947
MSFT,"April 21, 2009",388000000,-0.04343998298130983
MSFT,"April 8, 2009",388000000,0.043825403597641435
MSTR,"November 20, 2008",138399,-0.018750549878093235
MSTR,"November 20, 2008",2245263,-0.018750549878093235
DISH,"February 8, 2010",5800000,-0.041910981184155004
DISH,"September 4, 2009",90000000,0.059555837458740206
DISH,"September 4, 2009",110000000,0.059555837458740206
DISH,"June 2, 2009",5367544,-0.03444379470290153
DISH,"June 2, 2009",10317108,-0.03444379470290153
DISH,"June 2, 2009",73991964,-0.03444379470290153
DISH,"June 2, 2009",103068836,-0.03444379470290153
DISH,"June 2, 2009",103068836,-0.03444379470290153
CTAA,"October 30, 2012",251245,ERROR
TDA,"October 30, 2012",251245,ERROR
MON,"October 16, 2008",164608,-0.04577787628584375
MON,"October 16, 2008",323140,-0.04577787628584375
PHG,"March 25, 2008",224123,0.03098178204289625
ABT,"May 22, 2012",5949050,0.0030487021277886338
BDX,"May 22, 2012",5949050,-0.0009366853697209861
ENZ,"January 3, 2014",12428728,0.0034542348680873976
ENZ,"November 29, 2012",48587500,0.09531017980432464
ENZ,"November 7, 2012",48587500,-0.03663413317978019
ENZ,"November 1, 2012",48587500,0.28517894223366247
GE,"January 3, 2014",12428728,-0.021747850633147943
GE,"November 29, 2012",48587500,-0.011461410386742523
GE,"November 7, 2012",48587500,-0.014654571391192434
GE,"November 1, 2012",48587500,0.007030578381689586
COST,"July 16, 2009",448033,0.07494967147540901
COST,"July 7, 2009",642500,-0.006353470548023984
COST,"July 6, 2009",815512,0.005229057207088023
COST,"June 30, 2009",994241,-0.03607949815920474
WMT,"July 16, 2009",448033,0.02048727755348112
WMT,"July 7, 2009",642500,-0.0060132618981362405
WMT,"July 6, 2009",815512,-0.0014462710977046905
WMT,"June 30, 2009",994241,-0.028060450464221353
ABT,"May 22, 2012",5949050,0.0030487021277886338
BDX,"May 22, 2012",5949050,-0.0009366853697209861
LEA,"March 16, 2011",113516,-0.03548316255786363
LEA,"March 16, 2011",240500,-0.03548316255786363
LEA,"February 25, 2011",240500,-0.05295119431678029
LEA,"February 10, 2011",240500,0.00979356939036201
KODK,"June 17, 2014",184812,-0.09059395843214452
KODK,"June 17, 2014",147184,-0.09059395843214452
HON,"June 17, 2014",184812,0.008293598682407005
HON,"June 17, 2014",147184,0.008293598682407005
PHG,"June 17, 2014",184812,0.0015905721502412731
PHG,"June 17, 2014",147184,0.0015905721502412731
NOK,"June 17, 2014",184812,0.03428261459652373
NOK,"June 17, 2014",147184,0.03428261459652373
POWI,"February 3, 2011",633206,0.13765230954249755
POWI,"February 3, 2011",6116720,0.13765230954249755
POWI,"February 3, 2011",6116720,0.13765230954249755
POWI,"January 26, 2011",633206,0.0032805351329398755
POWI,"January 26, 2011",6116720,0.0032805351329398755
POWI,"January 26, 2011",6116720,0.0032805351329398755
POWI,"January 19, 2011",6116720,-0.0917689012871298
POWI,"December 12, 2008",6116720,0.11261204774408791
BBY,"July 14, 2014",342610,-0.025733115959135827
UUU,"May 15, 2009",234499,-0.058840500022933374
UUU,"May 14, 2009",726579,0.007736982502152655
UUU,"May 12, 2009",726579,0.22134012431505898
MMM,"January 26, 2009",549258,0.021521741203025732
MMM,"January 26, 2009",6750000,0.021521741203025732
MMM,"October 22, 2008",6750000,0.05375954102888514
HPQ,"November 7, 2013",158885,0.02225736512317034
HPQ,"October 5, 2010",185000,-0.030407206729752636
HPQ,"October 5, 2010",650000,-0.030407206729752636
HPQ,"October 5, 2010",650000,-0.030407206729752636
HPQ,"October 5, 2010",185000,-0.030407206729752636
HPQ,"October 5, 2010",400000,-0.030407206729752636
INTC,"November 7, 2013",158885,0.005601090742623482
INTC,"October 5, 2010",185000,0.010362752785511999
INTC,"October 5, 2010",650000,0.010362752785511999
INTC,"October 5, 2010",650000,0.010362752785511999
INTC,"October 5, 2010",185000,0.010362752785511999
INTC,"October 5, 2010",400000,0.010362752785511999
IBM,"November 7, 2013",158885,0.019730194753926844
IBM,"October 5, 2010",185000,0.03357326605755864
IBM,"October 5, 2010",650000,0.03357326605755864
IBM,"October 5, 2010",650000,0.03357326605755864
IBM,"October 5, 2010",185000,0.03357326605755864
IBM,"October 5, 2010",400000,0.03357326605755864
SWIR,"March 24, 2008",2561641,0.07405850516056296
SWIR,"March 24, 2008",22829596,0.07405850516056296
AMZN,"September 29, 2008",177109,-0.0054464373888314654
AMZN,"September 29, 2008",750000,-0.0054464373888314654
BBY,"September 29, 2008",177109,-0.042616531719980436
BBY,"September 29, 2008",750000,-0.042616531719980436
COST,"September 29, 2008",177109,-0.001544803245451292
COST,"September 29, 2008",750000,-0.001544803245451292
TGT,"September 29, 2008",177109,-0.041871439196170715
TGT,"September 29, 2008",750000,-0.041871439196170715
WMT,"September 29, 2008",177109,0.012481087180678679
WMT,"September 29, 2008",750000,0.012481087180678679
HAS,"March 24, 2008",446182,0.03924906879644932
CSCO,"March 18, 2008",8274000,-0.00724073122706401
CSCO,"March 18, 2008",11820000,-0.00724073122706401
JNPR,"March 18, 2008",8274000,-0.01772756147023508
JNPR,"March 18, 2008",11820000,-0.01772756147023508
CAMT,"February 9, 2015",7083863,-0.07671491758086184
CAMT,"February 9, 2015",7428436,-0.07671491758086184
CAMT,"August 17, 2012",645946,-0.015748356968139088
CAMT,"March 26, 2012",1291892,0.024292692569044358
CAMT,"August 11, 2011",1291892,0.06929178047139184
CAMT,"November 17, 2010",645946,0.004106781952653412
CAMT,"August 28, 2009",1240778,0.020834086902841997
CAMT,"August 28, 2009",6782490,0.020834086902841997
CAMT,"March 5, 2009",6782490,-0.30538164955118186
RTEC,"February 9, 2015",7083863,0.04419226784268122
RTEC,"February 9, 2015",7428436,0.04419226784268122
RTEC,"August 17, 2012",645946,-0.0294138852062933
RTEC,"March 26, 2012",1291892,0.026859269050268583
RTEC,"August 11, 2011",1291892,0.07451722118746712
RTEC,"November 17, 2010",645946,0.0026737983844020716
RTEC,"August 28, 2009",1240778,-0.14989837008872803
RTEC,"August 28, 2009",6782490,-0.14989837008872803
RTEC,"March 5, 2009",6782490,-0.25018575998953163
BGCA,"February 23, 2011",1000000,ERROR
BGCA,"June 29, 2010",289234,ERROR
IBKR,"February 23, 2011",1000000,-0.019108733713394808
IBKR,"June 29, 2010",289234,-0.023389441270127938
AMTD,"February 23, 2011",1000000,0.015814663034002995
AMTD,"June 29, 2010",289234,-0.07434329107621226
ABT,"March 19, 2009",5949050,0.018839315873402804
AMZN,"February 11, 2009",237128,-0.05070040365806033
AMZN,"February 11, 2009",132447,-0.05070040365806033
AMZN,"February 11, 2009",2057042,-0.05070040365806033
AMZN,"February 11, 2009",225925,-0.05070040365806033
SHLD,"February 11, 2009",237128,-0.06045865228379346
SHLD,"February 11, 2009",132447,-0.06045865228379346
SHLD,"February 11, 2009",2057042,-0.06045865228379346
SHLD,"February 11, 2009",225925,-0.06045865228379346
TGT,"February 11, 2009",237128,-0.093252873616448
TGT,"February 11, 2009",132447,-0.093252873616448
TGT,"February 11, 2009",2057042,-0.093252873616448
TGT,"February 11, 2009",225925,-0.093252873616448
MCK,"March 30, 2009",773910,-0.058198161552162855
MCK,"March 30, 2009",1346666,-0.058198161552162855
MCK,"December 12, 2008",4488888,0.12654824247970684
BSX,"February 14, 2008",69393660,0.02702867238791927
BSX,"February 14, 2008",431867351,0.02702867238791927
BSX,"February 11, 2008",431867351,-0.0031720883061438637
BAX,"August 19, 2009",2321494,0.019010908346340484
BAX,"August 19, 2009",4349835,0.019010908346340484
BAX,"August 19, 2009",11335935,0.019010908346340484
BAX,"June 24, 2009",2321494,0.016596245082956478
BAX,"January 30, 2009",15685770,0.033787593208260254
HAE,"August 19, 2009",2321494,0.010533220899733554
HAE,"August 19, 2009",4349835,0.010533220899733554
HAE,"August 19, 2009",11335935,0.010533220899733554
HAE,"June 24, 2009",2321494,-0.01699070058461043
HAE,"January 30, 2009",15685770,0.061235364430771995
PII,"September 17, 2009",709509,0.10564957023078071
PII,"September 17, 2009",1419018,0.10564957023078071
PII,"April 16, 2009",709509,0.016057924893969927
FBC,"May 17, 2010",102607,-0.25593337413720046
FBC,"May 17, 2010",141984,-0.25593337413720046
FBC,"May 17, 2010",386543,-0.25593337413720046
BXS,"August 3, 2011",26606000,-0.12743053208607036
BXS,"August 3, 2011",27000000,-0.12743053208607036
BXS,"August 2, 2011",26606000,-0.10227907784506268
BXS,"August 2, 2011",27000000,-0.10227907784506268
BXS,"September 27, 2010",26606000,0.022327299464450397
BXS,"March 26, 2010",394000,0.007663300770302089
BXS,"March 26, 2010",394000,0.007663300770302089
BXS,"March 26, 2010",26606000,0.007663300770302089
BXS,"March 26, 2010",26606000,0.007663300770302089
BAC,"August 3, 2011",26606000,-0.17268751860198364
BAC,"August 3, 2011",27000000,-0.17268751860198364
BAC,"August 2, 2011",26606000,-0.10320623898504179
BAC,"August 2, 2011",27000000,-0.10320623898504179
BAC,"September 27, 2010",26606000,-0.023371136957757367
BAC,"March 26, 2010",394000,0.03611705628064694
BAC,"March 26, 2010",394000,0.03611705628064694
BAC,"March 26, 2010",26606000,0.03611705628064694
BAC,"March 26, 2010",26606000,0.03611705628064694
BBT,"August 3, 2011",26606000,-0.09683031160925114
BBT,"August 3, 2011",27000000,-0.09683031160925114
BBT,"August 2, 2011",26606000,-0.08415800121753791
BBT,"August 2, 2011",27000000,-0.08415800121753791
BBT,"September 27, 2010",26606000,0.024630804605528907
BBT,"March 26, 2010",394000,-0.004058330257838725
BBT,"March 26, 2010",394000,-0.004058330257838725
BBT,"March 26, 2010",26606000,-0.004058330257838725
BBT,"March 26, 2010",26606000,-0.004058330257838725
CFG,"August 3, 2011",26606000,ERROR
CFG,"August 3, 2011",27000000,ERROR
CFG,"August 2, 2011",26606000,ERROR
CFG,"August 2, 2011",27000000,ERROR
CFG,"September 27, 2010",26606000,ERROR
CFG,"March 26, 2010",394000,ERROR
CFG,"March 26, 2010",394000,ERROR
CFG,"March 26, 2010",26606000,ERROR
CFG,"March 26, 2010",26606000,ERROR
CMA,"August 3, 2011",26606000,-0.09490435946149417
CMA,"August 3, 2011",27000000,-0.09490435946149417
CMA,"August 2, 2011",26606000,-0.08058244427038569
CMA,"August 2, 2011",27000000,-0.08058244427038569
CMA,"September 27, 2010",26606000,0.015174864230108427
CMA,"March 26, 2010",394000,-0.006581372789727442
CMA,"March 26, 2010",394000,-0.006581372789727442
CMA,"March 26, 2010",26606000,-0.006581372789727442
CMA,"March 26, 2010",26606000,-0.006581372789727442
CFR,"August 3, 2011",26606000,-0.04945847084420897
CFR,"August 3, 2011",27000000,-0.04945847084420897
CFR,"August 2, 2011",26606000,-0.04102146728147372
CFR,"August 2, 2011",27000000,-0.04102146728147372
CFR,"September 27, 2010",26606000,0.005058604014634822
CFR,"March 26, 2010",394000,-0.014389035240029508
CFR,"March 26, 2010",394000,-0.014389035240029508
CFR,"March 26, 2010",26606000,-0.014389035240029508
CFR,"March 26, 2010",26606000,-0.014389035240029508
FDC,"August 3, 2011",26606000,ERROR
FDC,"August 3, 2011",27000000,ERROR
FDC,"August 2, 2011",26606000,ERROR
FDC,"August 2, 2011",27000000,ERROR
FDC,"September 27, 2010",26606000,ERROR
FDC,"March 26, 2010",394000,ERROR
FDC,"March 26, 2010",394000,ERROR
FDC,"March 26, 2010",26606000,ERROR
FDC,"March 26, 2010",26606000,ERROR
KEY,"August 3, 2011",26606000,-0.10342760673556321
KEY,"August 3, 2011",27000000,-0.10342760673556321
KEY,"August 2, 2011",26606000,-0.07325035885840452
KEY,"August 2, 2011",27000000,-0.07325035885840452
KEY,"September 27, 2010",26606000,0.008843806402272482
KEY,"March 26, 2010",394000,0.009061330383468473
KEY,"March 26, 2010",394000,0.009061330383468473
KEY,"March 26, 2010",26606000,0.009061330383468473
KEY,"March 26, 2010",26606000,0.009061330383468473
MTB,"August 3, 2011",26606000,-0.09212640574948969
MTB,"August 3, 2011",27000000,-0.09212640574948969
MTB,"August 2, 2011",26606000,-0.06262506023342773
MTB,"August 2, 2011",27000000,-0.06262506023342773
MTB,"September 27, 2010",26606000,-0.08356228453161867
MTB,"March 26, 2010",394000,-0.042345676726870486
MTB,"March 26, 2010",394000,-0.042345676726870486
MTB,"March 26, 2010",26606000,-0.042345676726870486
MTB,"March 26, 2010",26606000,-0.042345676726870486
STI,"August 3, 2011",26606000,-0.12974700828268115
STI,"August 3, 2011",27000000,-0.12974700828268115
STI,"August 2, 2011",26606000,-0.11981624713599492
STI,"August 2, 2011",27000000,-0.11981624713599492
STI,"September 27, 2010",26606000,0.012872946960924312
STI,"March 26, 2010",394000,-0.019922073407518264
STI,"March 26, 2010",394000,-0.019922073407518264
STI,"March 26, 2010",26606000,-0.019922073407518264
STI,"March 26, 2010",26606000,-0.019922073407518264
USB,"August 3, 2011",26606000,-0.09408337392160081
USB,"August 3, 2011",27000000,-0.09408337392160081
USB,"August 2, 2011",26606000,-0.07765108608101487
USB,"August 2, 2011",27000000,-0.07765108608101487
USB,"September 27, 2010",26606000,-0.0361852290727326
USB,"March 26, 2010",394000,-0.013047389695884122
USB,"March 26, 2010",394000,-0.013047389695884122
USB,"March 26, 2010",26606000,-0.013047389695884122
USB,"March 26, 2010",26606000,-0.013047389695884122
WFC,"August 3, 2011",26606000,-0.09839383484907654
WFC,"August 3, 2011",27000000,-0.09839383484907654
WFC,"August 2, 2011",26606000,-0.09039077249209859
WFC,"August 2, 2011",27000000,-0.09039077249209859
WFC,"September 27, 2010",26606000,-0.03028746033676708
WFC,"March 26, 2010",394000,-0.007752016261018883
WFC,"March 26, 2010",394000,-0.007752016261018883
WFC,"March 26, 2010",26606000,-0.007752016261018883
WFC,"March 26, 2010",26606000,-0.007752016261018883
ZION,"August 3, 2011",26606000,-0.13522901041360588
ZION,"August 3, 2011",27000000,-0.13522901041360588
ZION,"August 2, 2011",26606000,-0.1293993593917816
ZION,"August 2, 2011",27000000,-0.1293993593917816
ZION,"September 27, 2010",26606000,0.021113661150833442
ZION,"March 26, 2010",394000,-0.05216975105422022
ZION,"March 26, 2010",394000,-0.05216975105422022
ZION,"March 26, 2010",26606000,-0.05216975105422022
ZION,"March 26, 2010",26606000,-0.05216975105422022
BSX,"January 23, 2009",4558124,0.12250002553452222
BSX,"January 23, 2009",19090000,0.12250002553452222
BSX,"August 1, 2008",19090000,0.06687952883954473
BSX,"May 27, 2008",83000000,-0.014959142078156523
BSX,"May 27, 2008",167000000,-0.014959142078156523
TEX,"January 31, 2014",500000,0.05652068193413385
TEX,"December 8, 2011",15800000,-0.11622721138824779
TEX,"March 3, 2011",15800000,0.02458416746250037
AKAM,"July 1, 2016",630191,0.035370783509192205
AKAM,"July 1, 2016",4798397,0.035370783509192205
AKAM,"July 1, 2016",45526946,0.035370783509192205
AKAM,"February 29, 2008",1424946,0.011598643038427121
AKAM,"February 29, 2008",4000000,0.011598643038427121
AKAM,"February 29, 2008",40102000,0.011598643038427121
LLNW,"July 1, 2016",630191,0.041672696400568116
LLNW,"July 1, 2016",4798397,0.041672696400568116
LLNW,"July 1, 2016",45526946,0.041672696400568116
LLNW,"February 29, 2008",1424946,-0.43464787486522427
LLNW,"February 29, 2008",4000000,-0.43464787486522427
LLNW,"February 29, 2008",40102000,-0.43464787486522427
CDW,"May 7, 2009",500000,ERROR
CDW,"May 7, 2009",500000,ERROR
CDW,"May 7, 2009",1500000,ERROR
CDW,"May 7, 2009",500000,ERROR
CDW,"November 19, 2008",500000,ERROR
CDW,"November 19, 2008",500000,ERROR
CDW,"November 19, 2008",1500000,ERROR
CDW,"November 19, 2008",120000,ERROR
CDW,"November 19, 2008",500000,ERROR
SNX,"May 7, 2009",500000,0.04502923363229762
SNX,"May 7, 2009",500000,0.04502923363229762
SNX,"May 7, 2009",1500000,0.04502923363229762
SNX,"May 7, 2009",500000,0.04502923363229762
SNX,"November 19, 2008",500000,-0.2432302364661042
SNX,"November 19, 2008",500000,-0.2432302364661042
SNX,"November 19, 2008",1500000,-0.2432302364661042
SNX,"November 19, 2008",120000,-0.2432302364661042
SNX,"November 19, 2008",500000,-0.2432302364661042
TECD,"May 7, 2009",500000,-0.05308556701154331
TECD,"May 7, 2009",500000,-0.05308556701154331
TECD,"May 7, 2009",1500000,-0.05308556701154331
TECD,"May 7, 2009",500000,-0.05308556701154331
TECD,"November 19, 2008",500000,-0.24181624163202192
TECD,"November 19, 2008",500000,-0.24181624163202192
TECD,"November 19, 2008",1500000,-0.24181624163202192
TECD,"November 19, 2008",120000,-0.24181624163202192
TECD,"November 19, 2008",500000,-0.24181624163202192
MSFT,"December 15, 2010",397248,0.020276011546740323
MSFT,"July 23, 2008",2082739,0.011534437329881832
MSFT,"July 23, 2008",21000000,0.011534437329881832
MSFT,"May 15, 2008",21000000,-0.014155796953310502
GE,"May 3, 2011",102671,-0.03457135190385797
GE,"February 10, 2011",213274,0.029740141406406382
GMED,"October 7, 2009",2767546,ERROR
GMED,"July 17, 2009",2085269,ERROR
GMED,"July 17, 2009",2085269,ERROR
MON,"August 21, 2008",275000,0.02420734399394029
PH,"August 29, 2008",131202,0.016804236483850106
PH,"August 29, 2008",203524,0.016804236483850106
PH,"August 29, 2008",543982,0.016804236483850106
PH,"August 4, 2008",203524,-0.10382640686033115
PH,"April 22, 2008",543982,0.06385680778135162
IPGP,"December 14, 2012",411614,0.048439149794392206
PX,"May 26, 2010",8378145,0.006464256907292116
LPL,"July 8, 2010",305399,0.05631837106641226
AAPL,"December 3, 2009",2696974,-0.05638464843901973
AAPL,"December 3, 2009",19009728,-0.05638464843901973
AAPL,"April 23, 2009",19009728,0.03450157411206118
ORCL,"August 25, 2008",1257000,-0.014222189368985302
MSFT,"March 16, 2010",34000000,0.01462850319669022
MSFT,"March 16, 2010",71750000,0.01462850319669022
FUN,"March 13, 2017",234283,0.01163571081317356
FUN,"March 13, 2017",1139366,0.01163571081317356
FLIR,"March 30, 2017",161177,-0.00643996357347997
RTN,"March 30, 2017",161177,0.004093559354172218
MSFT,"August 11, 2009",11812920,0.006797014391108046
MSFT,"August 11, 2009",38827396,0.006797014391108046
MSFT,"August 11, 2009",40000000,0.006797014391108046
MSFT,"August 11, 2009",200000000,0.006797014391108046
MSFT,"May 20, 2009",200000000,-0.017187882841779953
BELFA,"April 6, 2016",388043,-0.06429436699616019
BELFA,"May 28, 2013",1500000,0.021112691539407973
BELFA,"November 26, 2012",1500000,0.005638006114068093
CSCO,"April 6, 2016",388043,-0.02637358607376785
CSCO,"May 28, 2013",1500000,0.04318428568087139
CSCO,"November 26, 2012",1500000,0.03373875534843128
HON,"April 6, 2016",388043,-0.009851326578201692
HON,"May 28, 2013",1500000,-0.001886594971128257
HON,"November 26, 2012",1500000,0.010340592621282237
FDX,"September 8, 2009",193312,0.06036515206398178
TGT,"September 8, 2009",193312,0.040242422864385854
MON,"January 15, 2009",200000,-0.0285917896407362
ABT,"December 18, 2009",175641661,0.002404872511303017
ABT,"December 18, 2009",1672594000,0.002404872511303017
ABT,"June 29, 2009",1672594000,-0.007475923443883737
EXTR,"November 10, 2011",201213,-0.013333530869465182
EXTR,"March 19, 2009",201213,0.12516314295400605
EXTR,"November 5, 2008",201213,0.0529224014543426
EXTR,"October 29, 2008",201213,-0.02681125745065672
EXTR,"May 30, 2008",201213,-0.04908961019652363
FMC,"March 17, 2014",221073,-0.029335811918465272
FMC,"March 17, 2014",63057230,-0.029335811918465272
FMC,"March 17, 2014",328654806,-0.029335811918465272
FMC,"September 23, 2011",221073,-0.02276145252797448
FMC,"September 9, 2011",63057230,0.008331760016161382
FMC,"September 9, 2011",328654806,0.008331760016161382
FMC,"May 13, 2011",85000000,-0.04396717865424081
FMC,"May 13, 2011",260000000,-0.04396717865424081
FMC,"August 26, 2009",138641000,-0.0152676343156742
MON,"April 24, 2008",300000,-0.06128499690152659
PH,"May 25, 2011",12836208,0.03344613574147706
PH,"March 17, 2011",9803409,0.047898508026853456
MGI,"May 17, 2011",530490,-0.05849624433221168
MGI,"November 18, 2009",221995,-4.85722573273506e-17
MGI,"November 18, 2009",16529501,-4.85722573273506e-17
MGI,"September 30, 2009",16529501,0.014035318731987817
MGI,"September 24, 2009",16529501,-0.05129329438755065
ALG,"March 8, 2013",358516,0.08589767439651608
ALG,"February 6, 2012",343054,-0.006863519447637855
BDX,"May 19, 2010",5000000,-0.024457512176815136
BDX,"November 9, 2009",5000000,0.061010554182921055
CBS,"March 2, 2017",128951,0.02622696216546401
CBS,"March 2, 2017",253430,0.02622696216546401
CBS,"March 2, 2017",5422870,0.02622696216546401
CBS,"March 2, 2017",139421,0.02622696216546401
CBS,"March 2, 2017",850327,0.02622696216546401
CBS,"March 2, 2017",117011,0.02622696216546401
CBS,"March 2, 2017",219903,0.02622696216546401
CBS,"March 2, 2017",4379036,0.02622696216546401
CBS,"March 2, 2017",3429306,0.02622696216546401
CBS,"March 2, 2017",381507,0.02622696216546401
CBS,"March 2, 2017",1030551,0.02622696216546401
CBS,"March 2, 2017",6145305,0.02622696216546401
CBS,"March 2, 2017",177496,0.02622696216546401
CBS,"March 2, 2017",1697429,0.02622696216546401
CBS,"March 2, 2017",8256815,0.02622696216546401
CBS,"March 2, 2017",135981,0.02622696216546401
CBS,"March 2, 2017",3646498,0.02622696216546401
CBS,"March 2, 2017",727513,0.02622696216546401
CBS,"March 2, 2017",4071863,0.02622696216546401
CBS,"March 2, 2017",268990,0.02622696216546401
CBS,"March 2, 2017",323226,0.02622696216546401
CBS,"March 2, 2017",8051264,0.02622696216546401
CBS,"March 2, 2017",155990,0.02622696216546401
CBS,"March 2, 2017",956313,0.02622696216546401
CHTR,"March 2, 2017",128951,-0.00910082222992092
CHTR,"March 2, 2017",253430,-0.00910082222992092
CHTR,"March 2, 2017",5422870,-0.00910082222992092
CHTR,"March 2, 2017",139421,-0.00910082222992092
CHTR,"March 2, 2017",850327,-0.00910082222992092
CHTR,"March 2, 2017",117011,-0.00910082222992092
CHTR,"March 2, 2017",219903,-0.00910082222992092
CHTR,"March 2, 2017",4379036,-0.00910082222992092
CHTR,"March 2, 2017",3429306,-0.00910082222992092
CHTR,"March 2, 2017",381507,-0.00910082222992092
CHTR,"March 2, 2017",1030551,-0.00910082222992092
CHTR,"March 2, 2017",6145305,-0.00910082222992092
CHTR,"March 2, 2017",177496,-0.00910082222992092
CHTR,"March 2, 2017",1697429,-0.00910082222992092
CHTR,"March 2, 2017",8256815,-0.00910082222992092
CHTR,"March 2, 2017",135981,-0.00910082222992092
CHTR,"March 2, 2017",3646498,-0.00910082222992092
CHTR,"March 2, 2017",727513,-0.00910082222992092
CHTR,"March 2, 2017",4071863,-0.00910082222992092
CHTR,"March 2, 2017",268990,-0.00910082222992092
CHTR,"March 2, 2017",323226,-0.00910082222992092
CHTR,"March 2, 2017",8051264,-0.00910082222992092
CHTR,"March 2, 2017",155990,-0.00910082222992092
CHTR,"March 2, 2017",956313,-0.00910082222992092
CSCO,"March 2, 2017",128951,-0.0020453343089142056
CSCO,"March 2, 2017",253430,-0.0020453343089142056
CSCO,"March 2, 2017",5422870,-0.0020453343089142056
CSCO,"March 2, 2017",139421,-0.0020453343089142056
CSCO,"March 2, 2017",850327,-0.0020453343089142056
CSCO,"March 2, 2017",117011,-0.0020453343089142056
CSCO,"March 2, 2017",219903,-0.0020453343089142056
CSCO,"March 2, 2017",4379036,-0.0020453343089142056
CSCO,"March 2, 2017",3429306,-0.0020453343089142056
CSCO,"March 2, 2017",381507,-0.0020453343089142056
CSCO,"March 2, 2017",1030551,-0.0020453343089142056
CSCO,"March 2, 2017",6145305,-0.0020453343089142056
CSCO,"March 2, 2017",177496,-0.0020453343089142056
CSCO,"March 2, 2017",1697429,-0.0020453343089142056
CSCO,"March 2, 2017",8256815,-0.0020453343089142056
CSCO,"March 2, 2017",135981,-0.0020453343089142056
CSCO,"March 2, 2017",3646498,-0.0020453343089142056
CSCO,"March 2, 2017",727513,-0.0020453343089142056
CSCO,"March 2, 2017",4071863,-0.0020453343089142056
CSCO,"March 2, 2017",268990,-0.0020453343089142056
CSCO,"March 2, 2017",323226,-0.0020453343089142056
CSCO,"March 2, 2017",8051264,-0.0020453343089142056
CSCO,"March 2, 2017",155990,-0.0020453343089142056
CSCO,"March 2, 2017",956313,-0.0020453343089142056
CCV,"March 2, 2017",128951,-0.004353886791758934
CCV,"March 2, 2017",253430,-0.004353886791758934
CCV,"March 2, 2017",5422870,-0.004353886791758934
CCV,"March 2, 2017",139421,-0.004353886791758934
CCV,"March 2, 2017",850327,-0.004353886791758934
CCV,"March 2, 2017",117011,-0.004353886791758934
CCV,"March 2, 2017",219903,-0.004353886791758934
CCV,"March 2, 2017",4379036,-0.004353886791758934
CCV,"March 2, 2017",3429306,-0.004353886791758934
CCV,"March 2, 2017",381507,-0.004353886791758934
CCV,"March 2, 2017",1030551,-0.004353886791758934
CCV,"March 2, 2017",6145305,-0.004353886791758934
CCV,"March 2, 2017",177496,-0.004353886791758934
CCV,"March 2, 2017",1697429,-0.004353886791758934
CCV,"March 2, 2017",8256815,-0.004353886791758934
CCV,"March 2, 2017",135981,-0.004353886791758934
CCV,"March 2, 2017",3646498,-0.004353886791758934
CCV,"March 2, 2017",727513,-0.004353886791758934
CCV,"March 2, 2017",4071863,-0.004353886791758934
CCV,"March 2, 2017",268990,-0.004353886791758934
CCV,"March 2, 2017",323226,-0.004353886791758934
CCV,"March 2, 2017",8051264,-0.004353886791758934
CCV,"March 2, 2017",155990,-0.004353886791758934
CCV,"March 2, 2017",956313,-0.004353886791758934
NTGR,"March 2, 2017",128951,-0.040261632120607
NTGR,"March 2, 2017",253430,-0.040261632120607
NTGR,"March 2, 2017",5422870,-0.040261632120607
NTGR,"March 2, 2017",139421,-0.040261632120607
NTGR,"March 2, 2017",850327,-0.040261632120607
NTGR,"March 2, 2017",117011,-0.040261632120607
NTGR,"March 2, 2017",219903,-0.040261632120607
NTGR,"March 2, 2017",4379036,-0.040261632120607
NTGR,"March 2, 2017",3429306,-0.040261632120607
NTGR,"March 2, 2017",381507,-0.040261632120607
NTGR,"March 2, 2017",1030551,-0.040261632120607
NTGR,"March 2, 2017",6145305,-0.040261632120607
NTGR,"March 2, 2017",177496,-0.040261632120607
NTGR,"March 2, 2017",1697429,-0.040261632120607
NTGR,"March 2, 2017",8256815,-0.040261632120607
NTGR,"March 2, 2017",135981,-0.040261632120607
NTGR,"March 2, 2017",3646498,-0.040261632120607
NTGR,"March 2, 2017",727513,-0.040261632120607
NTGR,"March 2, 2017",4071863,-0.040261632120607
NTGR,"March 2, 2017",268990,-0.040261632120607
NTGR,"March 2, 2017",323226,-0.040261632120607
NTGR,"March 2, 2017",8051264,-0.040261632120607
NTGR,"March 2, 2017",155990,-0.040261632120607
NTGR,"March 2, 2017",956313,-0.040261632120607
MON,"October 29, 2008",200000,0.2124401797084099
TWX,"February 1, 2010",123796,0.03464304581439798
TWX,"February 1, 2010",185694,0.03464304581439798
TWX,"February 1, 2010",1099187,0.03464304581439798
TWX,"February 1, 2010",4417056,0.03464304581439798
TWX,"February 1, 2010",6625584,0.03464304581439798
TWX,"May 15, 2009",6625584,0.018457105948993906
YHOO,"February 1, 2010",123796,-0.03308189717885264
YHOO,"February 1, 2010",185694,-0.03308189717885264
YHOO,"February 1, 2010",1099187,-0.03308189717885264
YHOO,"February 1, 2010",4417056,-0.03308189717885264
YHOO,"February 1, 2010",6625584,-0.03308189717885264
YHOO,"May 15, 2009",6625584,0.005284028146605214
CSCO,"September 28, 2011",10295386,-0.00707169406592139
CSCO,"September 28, 2011",63791153,-0.00707169406592139
CSCO,"September 28, 2011",10295386,-0.00707169406592139
CSCO,"May 20, 2011",3726207,-0.022486514512195393
CSCO,"May 20, 2011",63791153,-0.022486514512195393
CSCO,"April 8, 2011",63791153,0.012694972343108013
CSCO,"May 17, 2010",3726207,-0.09733160815639057
SPLS,"January 20, 2012",308319,0.06765878409567788
SPLS,"January 20, 2012",1027447,0.06765878409567788
SPLS,"December 21, 2010",321738,0.007086221081702996
SPLS,"December 21, 2010",432658,0.007086221081702996
SPLS,"December 21, 2010",676112,0.007086221081702996
SPLS,"December 21, 2010",774684,0.007086221081702996
IDT,"August 18, 2011",1418312,-0.15513584218170365
IDT,"August 18, 2011",8712293,-0.15513584218170365
IDT,"February 15, 2011",9065476,-0.0011043996199588783
WMT,"May 2, 2017",167455,0.011859339382809721
WMT,"May 2, 2017",264662,0.011859339382809721
WMT,"May 2, 2017",346959,0.011859339382809721
WMT,"May 2, 2017",1405708,0.011859339382809721
WMT,"May 2, 2017",1871826,0.011859339382809721
WMT,"May 2, 2017",4217124,0.011859339382809721
WMT,"March 8, 2017",264662,0.00832516216875935
WMT,"March 8, 2017",1871826,0.00832516216875935
WMT,"March 8, 2017",2811416,0.00832516216875935
WMT,"May 7, 2014",167455,0.007182794576207429
WMT,"May 7, 2014",264662,0.007182794576207429
WMT,"May 7, 2014",346959,0.007182794576207429
WMT,"May 7, 2014",1405708,0.007182794576207429
WMT,"May 7, 2014",1871826,0.007182794576207429
WMT,"May 7, 2014",4217124,0.007182794576207429
WMT,"May 6, 2014",259312,-0.006581670028756147
WMT,"March 27, 2014",219552,-0.004308274381759068
WMT,"March 27, 2014",1612514,-0.004308274381759068
WMT,"February 24, 2014",219552,-0.0009357195492285596
WMT,"February 24, 2014",1804037,-0.0009357195492285596
WMT,"June 25, 2013",167455,0.030078601285365866
WMT,"June 25, 2013",1405708,0.030078601285365866
WMT,"June 25, 2013",2811416,0.030078601285365866
WMT,"June 17, 2013",1573163,-0.0050903146516505455
WMT,"June 17, 2013",3146326,-0.0050903146516505455
RHT,"October 13, 2010",160000,0.04376578057252861
JNJ,"March 31, 2011",111364281,0.015244455758069675
JNJ,"March 31, 2011",482000000,0.015244455758069675
JNJ,"January 28, 2011",482000000,-0.007394479581460027
JNJ,"January 28, 2011",482000000,-0.007394479581460027
MSFT,"July 24, 2008",130265,-0.005475284766826679
CDW,"August 11, 2010",2500000,ERROR
CDW,"April 30, 2010",2500000,ERROR
SYX,"August 11, 2010",2500000,-0.23212339170479954
SYX,"April 30, 2010",2500000,-0.06456718351097787
MON,"June 17, 2009",200000,-0.06949625715345276
BELFA,"September 30, 2011",414071,0.1435628580886137
BELFA,"August 17, 2011",187396,-0.10193245896775142
BELFA,"August 17, 2011",327944,-0.10193245896775142
BELFA,"August 17, 2011",468290,-0.10193245896775142
BELFA,"August 17, 2011",1960067,-0.10193245896775142
BELFA,"August 17, 2011",2723771,-0.10193245896775142
BELFA,"August 17, 2011",13517122,-0.10193245896775142
BELFA,"August 17, 2011",197503,-0.10193245896775142
BELFA,"August 17, 2011",583626,-0.10193245896775142
BELFA,"August 17, 2011",1892544,-0.10193245896775142
BELFA,"August 17, 2011",225418,-0.10193245896775142
BELFA,"August 17, 2011",13397713,-0.10193245896775142
BELFA,"August 17, 2011",182178,-0.10193245896775142
BELFA,"August 17, 2011",500000,-0.10193245896775142
BELFA,"August 17, 2011",567514,-0.10193245896775142
BELFA,"August 17, 2011",5779712,-0.10193245896775142
BELFA,"August 17, 2011",175028,-0.10193245896775142
BELFA,"August 17, 2011",191684,-0.10193245896775142
BELFA,"August 17, 2011",327944,-0.10193245896775142
BELFA,"August 17, 2011",371594,-0.10193245896775142
BELFA,"August 17, 2011",4475051,-0.10193245896775142
BELFA,"August 17, 2011",10432124,-0.10193245896775142
BELFA,"August 17, 2011",287256,-0.10193245896775142
BELFA,"August 17, 2011",1315861,-0.10193245896775142
BELFA,"August 17, 2011",1316344,-0.10193245896775142
BELFA,"August 17, 2011",17980027,-0.10193245896775142
BELFA,"August 17, 2011",397332,-0.10193245896775142
BELFA,"August 17, 2011",1075488,-0.10193245896775142
BELFA,"August 17, 2011",25645277,-0.10193245896775142
BELFA,"July 11, 2011",1960067,-0.02089954947661713
BELFA,"July 11, 2011",2723771,-0.02089954947661713
BELFA,"July 11, 2011",583626,-0.02089954947661713
BELFA,"July 11, 2011",1892544,-0.02089954947661713
BELFA,"July 11, 2011",182178,-0.02089954947661713
BELFA,"July 11, 2011",371594,-0.02089954947661713
BELFA,"July 11, 2011",414524,-0.02089954947661713
BELFA,"July 11, 2011",1315861,-0.02089954947661713
BELFA,"July 11, 2011",1316644,-0.02089954947661713
BELFA,"July 11, 2011",1075488,-0.02089954947661713
BELFA,"July 11, 2011",4475051,-0.02089954947661713
BELFA,"July 11, 2011",500000,-0.02089954947661713
BELFA,"July 11, 2011",567514,-0.02089954947661713
BELFA,"December 29, 2010",468290,-0.0031708367608576067
BELFA,"December 29, 2010",13397713,-0.0031708367608576067
BELFA,"December 29, 2010",8102882,-0.0031708367608576067
BELFA,"December 29, 2010",5741290,-0.0031708367608576067
BELFA,"December 29, 2010",5741290,-0.0031708367608576067
BELFA,"December 29, 2010",17930612,-0.0031708367608576067
BELFA,"December 29, 2010",25645277,-0.0031708367608576067
CSCO,"September 30, 2011",414071,-0.027008347774075958
CSCO,"August 17, 2011",187396,-0.0585941483584521
CSCO,"August 17, 2011",327944,-0.0585941483584521
CSCO,"August 17, 2011",468290,-0.0585941483584521
CSCO,"August 17, 2011",1960067,-0.0585941483584521
CSCO,"August 17, 2011",2723771,-0.0585941483584521
CSCO,"August 17, 2011",13517122,-0.0585941483584521
CSCO,"August 17, 2011",197503,-0.0585941483584521
CSCO,"August 17, 2011",583626,-0.0585941483584521
CSCO,"August 17, 2011",1892544,-0.0585941483584521
CSCO,"August 17, 2011",225418,-0.0585941483584521
CSCO,"August 17, 2011",13397713,-0.0585941483584521
CSCO,"August 17, 2011",182178,-0.0585941483584521
CSCO,"August 17, 2011",500000,-0.0585941483584521
CSCO,"August 17, 2011",567514,-0.0585941483584521
CSCO,"August 17, 2011",5779712,-0.0585941483584521
CSCO,"August 17, 2011",175028,-0.0585941483584521
CSCO,"August 17, 2011",191684,-0.0585941483584521
CSCO,"August 17, 2011",327944,-0.0585941483584521
CSCO,"August 17, 2011",371594,-0.0585941483584521
CSCO,"August 17, 2011",4475051,-0.0585941483584521
CSCO,"August 17, 2011",10432124,-0.0585941483584521
CSCO,"August 17, 2011",287256,-0.0585941483584521
CSCO,"August 17, 2011",1315861,-0.0585941483584521
CSCO,"August 17, 2011",1316344,-0.0585941483584521
CSCO,"August 17, 2011",17980027,-0.0585941483584521
CSCO,"August 17, 2011",397332,-0.0585941483584521
CSCO,"August 17, 2011",1075488,-0.0585941483584521
CSCO,"August 17, 2011",25645277,-0.0585941483584521
CSCO,"July 11, 2011",1960067,0.0006422519651543643
CSCO,"July 11, 2011",2723771,0.0006422519651543643
CSCO,"July 11, 2011",583626,0.0006422519651543643
CSCO,"July 11, 2011",1892544,0.0006422519651543643
CSCO,"July 11, 2011",182178,0.0006422519651543643
CSCO,"July 11, 2011",371594,0.0006422519651543643
CSCO,"July 11, 2011",414524,0.0006422519651543643
CSCO,"July 11, 2011",1315861,0.0006422519651543643
CSCO,"July 11, 2011",1316644,0.0006422519651543643
CSCO,"July 11, 2011",1075488,0.0006422519651543643
CSCO,"July 11, 2011",4475051,0.0006422519651543643
CSCO,"July 11, 2011",500000,0.0006422519651543643
CSCO,"July 11, 2011",567514,0.0006422519651543643
CSCO,"December 29, 2010",468290,0.02705573575570157
CSCO,"December 29, 2010",13397713,0.02705573575570157
CSCO,"December 29, 2010",8102882,0.02705573575570157
CSCO,"December 29, 2010",5741290,0.02705573575570157
CSCO,"December 29, 2010",5741290,0.02705573575570157
CSCO,"December 29, 2010",17930612,0.02705573575570157
CSCO,"December 29, 2010",25645277,0.02705573575570157
JNJ,"February 23, 2010",809788,-0.01193830103442149
JNJ,"February 23, 2010",3873865,-0.01193830103442149
AMAT,"July 23, 2010",447676,0.02164432849690535
AMAT,"July 23, 2010",5700000,0.02164432849690535
AMAT,"July 6, 2010",355300,0.007459761501436683
ABT,"January 14, 2011",803514,-0.0014778848371971918
ABT,"January 14, 2011",15200000,-0.0014778848371971918
MON,"July 10, 2009",385000,0.02823942488752014
NTGR,"December 31, 2009",175930,0.007557270908680306
BSX,"August 26, 2015",6028305,0.043094639463086754
AVT,"October 2, 2013",250000,0.0180485035950825
AVT,"October 2, 2013",2965613,0.0180485035950825
AVT,"September 4, 2013",2283681,0.0005391568865274234
AVT,"September 4, 2013",15399900,0.0005391568865274234
AVT,"September 4, 2013",23099850,0.0005391568865274234
AVT,"September 3, 2013",2283681,0.004072651926452647
AVT,"August 30, 2013",23099850,0.03410141410341645
AVT,"May 18, 2012",15399900,-0.0676737989177166
XLNX,"October 2, 2013",250000,0.0023606680778837453
XLNX,"October 2, 2013",2965613,0.0023606680778837453
XLNX,"September 4, 2013",2283681,0.04790287655507554
XLNX,"September 4, 2013",15399900,0.04790287655507554
XLNX,"September 4, 2013",23099850,0.04790287655507554
XLNX,"September 3, 2013",2283681,0.05824298721837363
XLNX,"August 30, 2013",23099850,0.06162028647863108
XLNX,"May 18, 2012",15399900,-0.029723546505016397
MON,"September 17, 2008",169675,0.057799375013580095
TXN,"October 3, 2013",958560,-0.010730310332986737
DDD,"June 20, 2013",138568,-0.12136750402116384
AAPL,"October 25, 2011",190000,0.023451088120988832
AAPL,"October 1, 2010",208500000,0.007224623286400476
CTXS,"September 17, 2012",5000000,0.012994422249638916
CTXS,"September 17, 2012",10000000,0.012994422249638916
CTXS,"June 18, 2012",10000000,0.06433250153414884
WHR,"April 9, 2010",1786925,0.0070805353592578585
WHR,"March 11, 2010",1786925,-0.006699016338056611
TWX,"November 4, 2011",10000000,0.0416728471464359
YHOO,"November 4, 2011",10000000,0.06733935067582222
NUAN,"June 4, 2014",298389,0.04943743242587045
NUAN,"February 4, 2014",298389,0.0019499518690790432
NUAN,"January 9, 2014",195239,-0.015400371326944013
NUAN,"May 22, 2013",134613,0.031194599169630955
WDC,"June 8, 2017",1500000,ERROR
WDC,"March 31, 2015",1500000,-0.0014633114718989924
WDC,"March 31, 2015",1400000,-0.0014633114718989924
WDC,"March 31, 2015",2500000,-0.0014633114718989924
WDC,"July 26, 2011",1500000,0.005960161810888017
WDC,"July 26, 2011",1400000,0.005960161810888017
WDC,"July 26, 2011",2500000,0.005960161810888017
ELY,"March 5, 2010",135416,0.11571561306100284
NUVA,"March 2, 2012",660000,-0.08984562306574354
NUVA,"March 2, 2012",101196000,-0.08984562306574354
NUVA,"September 29, 2011",660000,-0.28718694989883653
NUVA,"September 29, 2011",101196000,-0.28718694989883653
NUVA,"September 20, 2011",660000,-0.16758893355168952
NUVA,"September 20, 2011",101196000,-0.16758893355168952
MMM,"November 23, 2011",3500000,-0.028600865742337396
MMM,"November 22, 2011",3500000,-0.04790414332760037
VAR,"May 25, 2012",12446262,-0.03945191686296254
VAR,"May 25, 2012",79785030,-0.03945191686296254
VAR,"April 26, 2012",12031617,-0.05057561736624364
VAR,"April 26, 2012",36884294,-0.05057561736624364
VAR,"April 26, 2012",36884294,-0.05057561736624364
VAR,"April 25, 2012",36800000,-0.0660653651710329
VAR,"February 23, 2012",12095819,0.0001503802785742499
VAR,"February 23, 2012",24788475,0.0001503802785742499
MPWR,"May 3, 2012",663151,-0.0004825992605761607
MPWR,"May 3, 2012",8419429,-0.0004825992605761607
MPWR,"March 3, 2011",339315,-0.07107541066555247
OIIM,"May 3, 2012",663151,ERROR
OIIM,"May 3, 2012",8419429,ERROR
OIIM,"March 3, 2011",339315,ERROR
BSX,"February 2, 2010",1725000000,-0.06392708730623259
BBRY,"February 23, 2015",206363,0.01341016264742369
BBRY,"July 13, 2012",147200000,-0.05208777639098863
MON,"March 4, 2010",127000,0.010889427050432342
MON,"June 15, 2009",183638,-0.05716539123571448
MON,"April 2, 2010",250000,ERROR
MASI,"October 17, 2014",466774783,0.009199743109145349
MASI,"October 1, 2014",466774783,0.0633820472027709
MON,"February 17, 2010",110000,0.02592797801215765
CIX,"October 8, 2010",20001951,-0.07531925852399173
CIX,"October 4, 2010",20001951,-0.18615431864765455
CIX,"February 25, 2010",2152500,0.08923118353017163
CIX,"February 25, 2010",17220000,0.08923118353017163
AMBA,"March 4, 2011",1886710,ERROR
AMBA,"January 15, 2010",2300000,ERROR
DISH,"March 4, 2011",1886710,0.0343824531433728
DISH,"January 15, 2010",2300000,-0.021891436497259734
SATS,"March 4, 2011",1886710,0.0449387316366176
SATS,"January 15, 2010",2300000,-0.013857085629824314
GE,"August 26, 2011",1543479,0.03664358895657619
GE,"August 26, 2011",3000000,0.03664358895657619
GE,"June 17, 2011",3000000,0.019417002243342675
PHG,"June 3, 2009",406215,0.035255117270484436
MRVL,"May 7, 2014",79550288,-0.022357984960018906
MRVL,"May 7, 2014",287198828,-0.022357984960018906
MRVL,"May 7, 2014",1169140271,-0.022357984960018906
MRVL,"March 31, 2014",79550288,0.05900846076015673
MRVL,"March 31, 2014",287198828,0.05900846076015673
MRVL,"January 14, 2013",1169140271,0.06507302649756169
MRVL,"December 26, 2012",1169140271,-0.1642606734386464
CSCO,"March 22, 2013",70000000,-0.03162886943422368
MON,"February 16, 2010",235000,0.02946748492133499
HPQ,"March 1, 2011",9094148,0.024130949230285526
HPQ,"February 23, 2011",9094148,-0.13030440434490353
IBM,"March 1, 2011",9094148,0.016715714953556206
IBM,"February 23, 2011",9094148,-0.012005569284328887
SMCI,"March 1, 2011",9094148,0.07284294984713524
SMCI,"February 23, 2011",9094148,0.015247229420693547
CBS,"December 14, 2009",666875,0.051772726532421744
CBS,"December 14, 2009",106000,0.051772726532421744
P,"December 14, 2009",666875,ERROR
P,"December 14, 2009",106000,ERROR
RNWK,"December 14, 2009",666875,-0.048790290017586536
RNWK,"December 14, 2009",106000,-0.048790290017586536
YHOO,"December 14, 2009",666875,0.03939805630006685
YHOO,"December 14, 2009",106000,0.03939805630006685
DD,"August 1, 2012",1000000000,-0.00483993545645546
MON,"August 1, 2012",1000000000,0.0018396938704370574
KYO,"March 18, 2013",163534,0.02701539129396348
KYO,"March 18, 2013",15000000,0.02701539129396348
KYO,"March 18, 2013",23129321,0.02701539129396348
KYO,"July 23, 2012",616819,-0.03870146924055409
KYO,"July 23, 2012",2849203,-0.03870146924055409
KYO,"June 28, 2012",15000000,0.035464710410867614
KYO,"May 23, 2011",23129321,-0.023288177385960954
TMO,"September 17, 2012",109466,0.009080330526516857
WMT,"February 7, 2013",362438,0.025102287891807917
WMT,"September 6, 2012",121184,0.012456831034718237
HOLX,"January 9, 2012",18807241,0.056444768226262015
HOLX,"October 18, 2011",18807241,-0.03945680659491527
HOLX,"October 17, 2011",18807241,-0.052626195010392146
NVDA,"August 12, 2013",1283030,0.02902673850782543
NVDA,"August 12, 2013",688773,0.02902673850782543
ALG,"January 27, 2012",223785,0.005513370565737504
DE,"January 27, 2012",223785,-0.003129357688662722
VZ,"March 18, 2011",5400000,0.05793898792350723
T,"November 22, 2013",122533,-0.01239469079805366
T,"October 7, 2013",11377664,0.007709898986108003
T,"October 7, 2013",27500000,0.007709898986108003
T,"September 6, 2013",11377664,0.019319821917705142
T,"September 6, 2013",27500000,0.019319821917705142
T,"March 20, 2013",27500000,-2.246466901389965e-16
AMZN,"September 30, 2011",115500,-0.053641155532638665
AMZN,"April 15, 2011",5000000,-0.009240193693892427
CME,"September 30, 2011",115500,-0.03859411640371933
CME,"April 15, 2011",5000000,0.001093372913105527
RHT,"September 30, 2011",115500,-0.11429521035982781
RHT,"April 15, 2011",5000000,0.011594354948952418
YHOO,"September 30, 2011",115500,-0.005517255374754591
YHOO,"April 15, 2011",5000000,-0.014778593186073734
AAPL,"August 30, 2011",4182331,0.019371186704498035
AAPL,"August 30, 2011",8000000,0.019371186704498035
AAPL,"July 8, 2011",8000000,0.012287267516952916
AVP,"August 22, 2012",8700000,-0.025382123427714495
AVP,"August 22, 2012",9200000,-0.025382123427714495
AVP,"November 18, 2011",485000,-0.05966680147901715
AVP,"November 18, 2011",8215000,-0.05966680147901715
AVP,"November 18, 2011",9200000,-0.05966680147901715
HSNI,"August 22, 2012",8700000,-0.02049056331262961
HSNI,"August 22, 2012",9200000,-0.02049056331262961
HSNI,"November 18, 2011",485000,-0.03212658233388764
HSNI,"November 18, 2011",8215000,-0.03212658233388764
HSNI,"November 18, 2011",9200000,-0.03212658233388764
SFLY,"August 22, 2012",8700000,-0.031473343319781764
SFLY,"August 22, 2012",9200000,-0.031473343319781764
SFLY,"November 18, 2011",485000,-0.11922939577063044
SFLY,"November 18, 2011",8215000,-0.11922939577063044
SFLY,"November 18, 2011",9200000,-0.11922939577063044
GRMN,"September 17, 2012",133950,0.025768883763930245
GRMN,"September 17, 2012",500000,0.025768883763930245
GRMN,"July 12, 2012",500000,-0.03393847183617867
IBM,"February 18, 2016",5064411,0.10000082432496016
ITW,"November 18, 2013",1100297,-0.007727152578928075
ITW,"November 18, 2013",1387930,-0.007727152578928075
ITW,"November 18, 2013",1450732,-0.007727152578928075
ITW,"November 18, 2013",4451425,-0.007727152578928075
ITW,"October 25, 2013",1387930,0.015259661779181765
ITW,"October 25, 2013",1450732,0.015259661779181765
IBM,"October 12, 2011",387922,0.04366221844826744
TPX,"January 21, 2014",2563523,0.002451962789021701
MON,"November 7, 2011",368367,-0.003884919132671763
MON,"November 7, 2011",736751,-0.003884919132671763
MON,"November 7, 2011",368367,-0.003884919132671763
MON,"November 7, 2011",736735,-0.003884919132671763
MON,"August 3, 2011",500000,-0.09008438336765012
POWI,"March 10, 2017",6680598,0.03462195621224731
POWI,"March 10, 2017",139800000,0.03462195621224731
POWI,"November 16, 2016",6680598,0.03184512488624436
POWI,"December 18, 2015",139800000,0.04498630982424576
POWI,"December 17, 2015",139800000,0.02747375211813553
POWI,"March 4, 2014",105000000,0.0718939970020949
MON,"August 23, 2010",450000,-0.0541802042850421
YHOO,"December 19, 2012",140321,-0.014875832534030827
SYK,"January 28, 2011",300000,0.002908058414146611
MON,"March 29, 2013",109374,ERROR
NSIT,"March 21, 2014",182279,-0.005582151656220599
MGIC,"March 21, 2014",182279,-0.04669137299879852
ODP,"March 21, 2014",182279,-0.10511954631102284
PRGS,"March 21, 2014",182279,-0.028270455759125748
RHT,"March 21, 2014",182279,-0.025836779463167474
LLY,"April 14, 2016",3435130,0.043269222467502574
LLY,"April 14, 2016",4445492,0.043269222467502574
AMD,"June 19, 2013",980340,0.015113637810048219
AMD,"February 29, 2012",980340,5.377642775528102e-17
IDTI,"June 19, 2013",980340,-0.040224801310508915
IDTI,"February 29, 2012",980340,-0.02855190192844088
NATI,"June 19, 2013",980340,-0.027114029827745068
NATI,"February 29, 2012",980340,-0.04683151618873156
NVDA,"June 19, 2013",980340,0.004865988485302034
NVDA,"February 29, 2012",980340,-0.026308965740935476
GE,"May 28, 2013",3445000,-0.010956550241400635
GE,"May 28, 2013",166750000,-0.010956550241400635
GE,"March 8, 2012",3445000,0.014745035729788495
GE,"March 8, 2012",166750000,0.014745035729788495
AAPL,"November 10, 2010",247511,-0.029115059380049477
INTC,"November 10, 2010",247511,0.013561310369334945
NOK,"November 10, 2010",247511,-0.046564386035866004
STM,"November 10, 2010",247511,-0.03025428593928703
PFE,"October 17, 2011",378285,-0.0005310764017110604
PFE,"October 17, 2011",378285,-0.0005310764017110604
AAPL,"June 12, 2017",1736372,ERROR
AAPL,"June 12, 2017",8940544,ERROR
AAPL,"September 21, 2016",3000000,-0.01941808879728865
BSX,"March 13, 2012",504479,0.011735256218421227
BSX,"March 13, 2012",642838,0.011735256218421227
BSX,"March 13, 2012",20754192,0.011735256218421227
BSX,"May 12, 2011",19531492,-0.11826953530110415
BSX,"May 11, 2011",19531492,-0.12102663240222572
VZ,"October 14, 2011",6687511,0.02007127018898017
VZ,"October 14, 2011",17438952,0.02007127018898017
VZ,"August 2, 2011",115000000,-0.020969896030938948
VZ,"August 2, 2011",115000000,-0.020969896030938948
HOLX,"September 4, 2012",4000000,0.020577891510051016
BBY,"December 7, 2012",173294,0.010551731410388496
BBY,"December 17, 2012",608373,-0.02325678418244436
ATEN,"June 10, 2013",75000000,ERROR
ATEN,"August 6, 2012",500000,ERROR
ATEN,"August 6, 2012",1975916,ERROR
ATEN,"August 6, 2012",49397904,ERROR
ATEN,"August 6, 2012",60000000,ERROR
ATEN,"August 6, 2012",500000,ERROR
BRCD,"June 10, 2013",75000000,0.09719858405317791
BRCD,"August 6, 2012",500000,0.0718059583197145
BRCD,"August 6, 2012",1975916,0.0718059583197145
BRCD,"August 6, 2012",49397904,0.0718059583197145
BRCD,"August 6, 2012",60000000,0.0718059583197145
BRCD,"August 6, 2012",500000,0.0718059583197145
AAPL,"September 30, 2016",302427,-0.0007960421696445357
AAPL,"February 28, 2013",368160000,-0.0527445945169429
AAPL,"February 26, 2013",8755381,-0.010501864946922419
AAPL,"November 6, 2012",368160000,-0.09919582913620943
CSCO,"September 30, 2016",302427,0.004092359044102602
CSCO,"February 28, 2013",368160000,0.003864516662109225
CSCO,"February 26, 2013",8755381,0.004805486390215664
CSCO,"November 6, 2012",368160000,-0.03960903164858287
SNPS,"December 19, 2014",1334730,0.044162369168644834
SNPS,"November 17, 2014",242110,-0.005234392342758684
SNPS,"November 17, 2014",36417661,-0.005234392342758684
SNPS,"October 10, 2014",242110,-0.05043527163002878
SNPS,"October 10, 2014",36417661,-0.05043527163002878
AAPL,"September 4, 2012",1130320,0.004149093232530219
AAPL,"September 28, 2015",103008,-0.03579759336450207
AAPL,"September 4, 2015",251137,0.022307760483813784
AAPL,"September 4, 2015",110095,0.022307760483813784
HPQ,"September 28, 2015",103008,0.004696575591894053
HPQ,"September 4, 2015",251137,-0.013698853136848207
HPQ,"September 4, 2015",110095,-0.013698853136848207
INTC,"September 28, 2015",103008,0.04756321545789449
INTC,"September 4, 2015",251137,0.04978243779840233
INTC,"September 4, 2015",110095,0.04978243779840233
NVDA,"September 28, 2015",103008,0.06928267542196714
NVDA,"September 4, 2015",251137,0.030603070611984758
NVDA,"September 4, 2015",110095,0.030603070611984758
RCII,"September 28, 2015",103008,-0.03085940927732732
RCII,"September 4, 2015",251137,0.044350644723749735
RCII,"September 4, 2015",110095,0.044350644723749735
ZION,"September 28, 2015",103008,1.97758476261356e-16
ZION,"September 4, 2015",251137,0.02322774825919463
ZION,"September 4, 2015",110095,0.02322774825919463
MMM,"April 29, 2014",3175422,0.02998840403927476
MMM,"April 29, 2014",23074306,0.02998840403927476
NTAP,"September 25, 2014",1395514,-0.013108845113591512
NTGR,"September 25, 2014",1395514,-0.010246883634206408
INTC,"August 8, 2013",1170000,-0.012291716164544247
INTC,"August 8, 2013",600000,-0.012291716164544247
INTC,"August 8, 2013",1920000,-0.012291716164544247
INTC,"August 8, 2013",435000,-0.012291716164544247
INTC,"August 8, 2013",3555000,-0.012291716164544247
INTC,"August 8, 2013",2445000,-0.012291716164544247
INTC,"June 13, 2013",1170000,0.0035921775133707975
INTC,"June 13, 2013",600000,0.0035921775133707975
INTC,"June 13, 2013",1920000,0.0035921775133707975
INTC,"June 13, 2013",435000,0.0035921775133707975
INTC,"June 13, 2013",3555000,0.0035921775133707975
INTC,"June 13, 2013",2445000,0.0035921775133707975
NTGR,"August 8, 2013",1170000,-0.011741817876683089
NTGR,"August 8, 2013",600000,-0.011741817876683089
NTGR,"August 8, 2013",1920000,-0.011741817876683089
NTGR,"August 8, 2013",435000,-0.011741817876683089
NTGR,"August 8, 2013",3555000,-0.011741817876683089
NTGR,"August 8, 2013",2445000,-0.011741817876683089
NTGR,"June 13, 2013",1170000,-0.028153573037950297
NTGR,"June 13, 2013",600000,-0.028153573037950297
NTGR,"June 13, 2013",1920000,-0.028153573037950297
NTGR,"June 13, 2013",435000,-0.028153573037950297
NTGR,"June 13, 2013",3555000,-0.028153573037950297
NTGR,"June 13, 2013",2445000,-0.028153573037950297
T,"May 1, 2013",132591,0.008066569810202002
EBAY,"May 8, 2013",103473,0.02621665808069292
EBAY,"April 5, 2013",103473,-0.0016039009216468544
MSFT,"May 8, 2013",103473,-0.024177662035466216
MSFT,"April 5, 2013",103473,0.02773655158888368
MON,"September 30, 2013",550000,-0.007858130241359763
ROK,"October 16, 2012",10100223,0.0467952446973128
FOSL,"March 28, 2016",288857,-0.0248864096007485
FOSL,"April 3, 2014",6704046,-0.06457856426006639
BONT,"March 28, 2016",288857,-0.013187004281953987
BONT,"April 3, 2014",6704046,-0.03333654710981308
ILMN,"July 1, 2013",7200400,-0.01796739956670542
ILMN,"July 1, 2013",12037468,-0.01796739956670542
ILMN,"July 1, 2013",95795507,-0.01796739956670542
ILMN,"June 19, 2013",7200400,0.028134135593498418
ILMN,"June 19, 2013",12037468,0.028134135593498418
ILMN,"June 19, 2013",95795507,0.028134135593498418
ILMN,"June 5, 2013",12037468,-0.004703907250984348
ILMN,"March 14, 2013",95795507,-0.03038831516738473
CHKP,"March 24, 2016",8000000,0.006942833647019883
CHKP,"June 8, 2015",8000000,0.012702729577299872
CHKP,"February 6, 2015",8000000,-0.005830229525843084
CHKP,"February 6, 2015",9000000,-0.005830229525843084
INTC,"March 24, 2016",8000000,0.001236125234534131
INTC,"June 8, 2015",8000000,-0.02819692745544365
INTC,"February 6, 2015",8000000,0.0071471218360414125
INTC,"February 6, 2015",9000000,0.0071471218360414125
SYMC,"March 24, 2016",8000000,-0.02470602572330272
SYMC,"June 8, 2015",8000000,-0.016184534724627202
SYMC,"February 6, 2015",8000000,-0.00907111853423161
SYMC,"February 6, 2015",9000000,-0.00907111853423161
SYK,"May 18, 2015",217987,0.04080914982551198
SYK,"May 18, 2015",606010,0.04080914982551198
SYK,"May 18, 2015",1094982,0.04080914982551198
SYK,"May 18, 2015",1113797,0.04080914982551198
SYK,"May 18, 2015",2351257,0.04080914982551198
SYK,"May 18, 2015",3739919,0.04080914982551198
SYK,"May 18, 2015",11167670,0.04080914982551198
SYK,"May 18, 2015",70000000,0.04080914982551198
SYK,"September 5, 2013",1094982,0.03337318402704015
SYK,"September 5, 2013",2351257,0.03337318402704015
SYK,"September 5, 2013",3757635,0.03337318402704015
SYK,"September 5, 2013",11167670,0.03337318402704015
SYK,"September 5, 2013",70000000,0.03337318402704015
SYK,"August 7, 2013",2351257,-0.0036548329564664505
SYK,"August 7, 2013",11167670,-0.0036548329564664505
SYK,"February 5, 2013",70000000,0.006364376216684968
AAPL,"January 3, 2014",191165,-0.026459527754194995
HPQ,"January 3, 2014",191165,0.0039112330619020036
WILN,"January 3, 2014",191165,-0.005987920542700295
FB,"August 7, 2013",1819117,0.011757183267252922
FB,"August 7, 2013",15000000,0.011757183267252922
FB,"June 26, 2013",2298693,0.014167328641246407
FB,"June 26, 2013",15000000,0.014167328641246407
FB,"April 5, 2013",15000000,0.0449989394936204
AKAM,"March 20, 2015",199184,0.007603589599065068
AAPL,"March 20, 2015",199184,-0.0027587434792220446
MSFT,"March 20, 2015",199184,0.028370812533415526
AAPL,"September 18, 2015",548176477,-0.025079739826602873
AAPL,"September 19, 2014",1871302,0.017494239579411614
AAPL,"June 20, 2014",893825,-0.01974187203704543
AAPL,"June 20, 2014",1145027,-0.01974187203704543
AAPL,"March 6, 2014",929780039,0.005969595586934373
AAPL,"November 21, 2013",290456793,0.009804656799695631
AAPL,"November 7, 2012",160069,-0.04837998460568186
AAPL,"August 24, 2012",1049343540,0.028163982890680093
INTC,"September 18, 2015",548176477,-0.03630536297195176
INTC,"September 19, 2014",1871302,-0.014708671561144096
INTC,"June 20, 2014",893825,0.01819714911818271
INTC,"June 20, 2014",1145027,0.01819714911818271
INTC,"March 6, 2014",929780039,0.013782147310448002
INTC,"November 21, 2013",290456793,-0.035164092716845896
INTC,"November 7, 2012",160069,-0.04856150705604638
INTC,"August 24, 2012",1049343540,-0.04344229198955976
IBM,"September 18, 2015",548176477,-0.021236531567073974
IBM,"September 19, 2014",1871302,-0.006968800531682759
IBM,"June 20, 2014",893825,-0.007600335092435642
IBM,"June 20, 2014",1145027,-0.007600335092435642
IBM,"March 6, 2014",929780039,0.011493544716701743
IBM,"November 21, 2013",290456793,-0.030436101503416052
IBM,"November 7, 2012",160069,-0.015421326022504175
IBM,"August 24, 2012",1049343540,-0.019211783764624353
PHG,"September 18, 2015",548176477,-0.0556942002260381
PHG,"September 19, 2014",1871302,0.025596815085358306
PHG,"June 20, 2014",893825,-0.011365553651430483
PHG,"June 20, 2014",1145027,-0.011365553651430483
PHG,"March 6, 2014",929780039,0.023331455702553607
PHG,"November 21, 2013",290456793,-0.013282643908437726
PHG,"November 7, 2012",160069,-0.018399421296545423
PHG,"August 24, 2012",1049343540,-0.006483768128565825
MSFT,"September 18, 2015",548176477,-0.0018206912495225807
MSFT,"September 19, 2014",1871302,-0.004286254758110286
MSFT,"June 20, 2014",893825,0.0016779936618404939
MSFT,"June 20, 2014",1145027,0.0016779936618404939
MSFT,"March 6, 2014",929780039,0.0010582901897842846
MSFT,"November 21, 2013",290456793,0.019313717403666383
MSFT,"November 7, 2012",160069,-0.022973737009401307
MSFT,"August 24, 2012",1049343540,-0.005534470966363517
NOK,"September 18, 2015",548176477,-0.012195287232105374
NOK,"September 19, 2014",1871302,-0.007025755518983261
NOK,"June 20, 2014",893825,0.005709335135063567
NOK,"June 20, 2014",1145027,0.005709335135063567
NOK,"March 6, 2014",929780039,0.042559588369855544
NOK,"November 21, 2013",290456793,0.004950479357977643
NOK,"November 7, 2012",160069,-0.0550593774968642
NOK,"August 24, 2012",1049343540,0.09333216533473987
AMZN,"August 26, 2014",1302673,0.02113221186270266
VIA,"August 26, 2014",1302673,-0.0011131812706409179
ITW,"December 13, 2013",1200000,0.0012513414534575844
SPG,"May 21, 2013",143650,-0.022612302243434274
SPG,"May 21, 2013",150000,-0.022612302243434274
ALK,"October 22, 2015",108762,0.02935562753567412
ALK,"November 25, 2013",2300000,0.033950127662206474
CAT,"October 22, 2015",108762,0.043078844972110016
CAT,"November 25, 2013",2300000,0.023783636892999567
CHSCL,"October 22, 2015",108762,0.012408804570596947
CHSCL,"November 25, 2013",2300000,ERROR
CI,"October 22, 2015",108762,-0.06379647903457857
CI,"November 25, 2013",2300000,0.02531199854934905
CNA,"October 22, 2015",108762,0.03532732687450328
CNA,"November 25, 2013",2300000,0.01313575764077491
DE,"October 22, 2015",108762,0.02006836079623054
DE,"November 25, 2013",2300000,-0.008554850924433675
FII,"October 22, 2015",108762,0.04493652512836803
FII,"November 25, 2013",2300000,-0.002937899495264793
GEH,"October 22, 2015",108762,0.004317958862888359
GEH,"November 25, 2013",2300000,0.024634351684346124
GE,"October 22, 2015",108762,0.019132790895657083
GE,"November 25, 2013",2300000,-0.004833833276066053
HSNI,"October 22, 2015",108762,0.012103461306292017
HSNI,"November 25, 2013",2300000,0.010898643545712718
HUM,"October 22, 2015",108762,-0.09213308874615567
HUM,"November 25, 2013",2300000,0.034306925361485816
INTL,"October 22, 2015",108762,0.03832383395311064
INTL,"November 25, 2013",2300000,0.008194791581388111
RAD,"October 22, 2015",108762,-0.06679748092351583
RAD,"November 25, 2013",2300000,0.1337764606321211
STT,"October 22, 2015",108762,-0.01335925572566746
STT,"November 25, 2013",2300000,0.017571290390313073
STI,"October 22, 2015",108762,0.03643039280476997
STI,"November 25, 2013",2300000,0.019620213464401355
TRV,"October 22, 2015",108762,0.05889687354357901
TRV,"November 25, 2013",2300000,0.03420842058915592
USB,"October 22, 2015",108762,0.04300955540958629
USB,"November 25, 2013",2300000,0.015623333233892298
VLO,"October 22, 2015",108762,0.007621845409059781
VLO,"November 25, 2013",2300000,0.09281779005177174
VZ,"October 22, 2015",108762,0.036463689663423005
VZ,"November 25, 2013",2300000,-0.009368996597249745
BBBY,"April 9, 2015",818124,-0.05695337760158757
BBBY,"April 9, 2015",818124,-0.05695337760158757
TIME,"April 9, 2015",818124,0.02501780776971619
TIME,"April 9, 2015",818124,0.02501780776971619
ITRI,"July 26, 2016",614150,-0.027234454978361293
ITRI,"July 25, 2016",614150,-0.03082829895013722
ITRI,"December 19, 2014",196302,0.06904334087092408
ITRI,"December 19, 2014",1481694,0.06904334087092408
ITRI,"December 19, 2014",12990800,0.06904334087092408
ITRI,"December 4, 2014",1481694,-0.001487776123673578
ITRI,"December 4, 2014",12990800,-0.001487776123673578
ITRI,"November 14, 2014",12990800,-0.01440278842717219
ITRI,"June 6, 2014",18800000,0.04228852207766314
SSNI,"July 26, 2016",614150,0.016000341346441016
SSNI,"July 25, 2016",614150,0.008747570690447373
SSNI,"December 19, 2014",196302,0.11909969154113018
SSNI,"December 19, 2014",1481694,0.11909969154113018
SSNI,"December 19, 2014",12990800,0.11909969154113018
SSNI,"December 4, 2014",1481694,0.0726576455760754
SSNI,"December 4, 2014",12990800,0.0726576455760754
SSNI,"November 14, 2014",12990800,-0.019672765598704803
SSNI,"June 6, 2014",18800000,0.14760282085612692
CSCO,"September 18, 2014",16243067,-0.0035977863853233196
CSCO,"July 23, 2014",16243067,0.0023130497202268454
SHLD,"April 26, 2016",307450,0.0027723334299873826
SHLD,"April 26, 2016",1350000,0.0027723334299873826
WMT,"April 26, 2016",307450,0.006405666125717215
WMT,"April 26, 2016",1350000,0.006405666125717215
INFN,"November 20, 2015",315933,0.05635945240411798
INFN,"November 20, 2015",623516,0.05635945240411798
LVLT,"November 20, 2015",315933,0.0027543594041241123
LVLT,"November 20, 2015",623516,0.0027543594041241123
PRKR,"October 28, 2013",172704600,-1.0225920095824454
GMED,"April 9, 2014",881723,-0.1095745281932416
GMED,"April 9, 2014",16286645,-0.1095745281932416
GMED,"June 24, 2013",16001822,0.09809990612829844
GMED,"June 14, 2013",16001822,0.019917137669036137
CIEN,"April 15, 2014",162280,0.0025182083949114855
INTC,"May 9, 2014",202025,0.009496875561091231
INTC,"May 8, 2014",202985,0.007613245635754495
EBAY,"January 16, 2015",4000000,-0.0322578891580872
EBAY,"January 16, 2015",11000000,-0.0322578891580872
OSTK,"January 16, 2015",4000000,-0.08508228584848321
OSTK,"January 16, 2015",11000000,-0.08508228584848321
SHLD,"January 16, 2015",4000000,-0.03096044643858894
SHLD,"January 16, 2015",11000000,-0.03096044643858894
TGT,"January 16, 2015",4000000,-0.026685968084068867
TGT,"January 16, 2015",11000000,-0.026685968084068867
TGT,"January 3, 2014",139790,0.007018899836130194
TGT,"January 3, 2014",316408,0.007018899836130194
TGT,"January 3, 2014",278067,0.007018899836130194
TGT,"January 3, 2014",15831295,0.007018899836130194
TGT,"January 3, 2014",117035,0.007018899836130194
TGT,"January 3, 2014",629891,0.007018899836130194
TGT,"November 20, 2012",7943000,0.037925633797423766
TGT,"November 20, 2012",15800000,0.037925633797423766
TGT,"November 20, 2012",6650000,0.037925633797423766
TGT,"November 6, 2012",7943000,-0.017955032147987722
TGT,"November 6, 2012",15800000,-0.017955032147987722
TGT,"November 6, 2012",6650000,-0.017955032147987722
MSFT,"September 6, 2016",110021,-0.0005222152852680344
MSFT,"June 13, 2014",124338,0.013769987283610306
MSFT,"May 13, 2014",11583526,0.006020276418968608
MSFT,"May 13, 2014",85000000,0.006020276418968608
MSFT,"March 19, 2014",85000000,0.06321162151950206
NOK,"September 6, 2016",110021,0.027827811985864266
NOK,"June 13, 2014",124338,-0.002484534103372095
NOK,"May 13, 2014",11583526,-0.005494491114716582
NOK,"May 13, 2014",85000000,-0.005494491114716582
NOK,"March 19, 2014",85000000,-0.05031647035698655
TXN,"September 19, 2014",3000000,0.01532427851204167
TXN,"June 20, 2014",3000000,-0.011461867403431275
AMPH,"May 9, 2016",343863,0.07195021538269947
MNTA,"May 9, 2016",343863,0.03013214978776093
BBRY,"December 28, 2015",502068,0.04260611631375643
BBRY,"December 14, 2015",502068,0.10427444441341034
TXN,"December 28, 2015",502068,0.00984171794541607
TXN,"December 14, 2015",502068,0.022817252672483527
AMZN,"November 28, 2011",250000,-0.0002600057286833643
BELFA,"April 30, 2014",875596,-0.0034339876094220245
BELFA,"April 30, 2014",674767,-0.0034339876094220245
BELFA,"April 30, 2014",1326689,-0.0034339876094220245
BELFA,"March 31, 2014",875596,0.056431631185568834
BELFA,"March 31, 2014",674767,0.056431631185568834
BELFA,"March 31, 2014",1326689,0.056431631185568834
BELFA,"March 31, 2014",343052,0.056431631185568834
BELFA,"March 31, 2014",529568,0.056431631185568834
BELFA,"March 31, 2014",674767,0.056431631185568834
BELFA,"March 31, 2014",1326689,0.056431631185568834
CSCO,"April 30, 2014",875596,-0.0026123058756618465
CSCO,"April 30, 2014",674767,-0.0026123058756618465
CSCO,"April 30, 2014",1326689,-0.0026123058756618465
CSCO,"March 31, 2014",875596,0.03808707577340838
CSCO,"March 31, 2014",674767,0.03808707577340838
CSCO,"March 31, 2014",1326689,0.03808707577340838
CSCO,"March 31, 2014",343052,0.03808707577340838
CSCO,"March 31, 2014",529568,0.03808707577340838
CSCO,"March 31, 2014",674767,0.03808707577340838
CSCO,"March 31, 2014",1326689,0.03808707577340838
CAJ,"June 19, 2017",730380,ERROR
CAJ,"June 19, 2017",3740604,ERROR
BWA,"July 27, 2015",915351,0.0169266277470919
BWA,"July 27, 2015",2249172,0.0169266277470919
BWA,"July 27, 2015",14530692,0.0169266277470919
BWA,"February 27, 2015",2249172,0.032907602528726196
BWA,"February 27, 2015",14530692,0.032907602528726196
HOLX,"September 4, 2012",4000000,0.020577891510051016
VSAT,"April 24, 2014",15660000,-0.023248011109045442
VSAT,"April 24, 2014",18560000,-0.023248011109045442
VSAT,"April 24, 2014",23780000,-0.023248011109045442
VSAT,"April 24, 2014",33210000,-0.023248011109045442
VSAT,"April 24, 2014",39360000,-0.023248011109045442
VSAT,"April 24, 2014",50430000,-0.023248011109045442
VSAT,"April 24, 2014",102000000,-0.023248011109045442
AAPL,"June 23, 2017",897187,ERROR
AAPL,"August 20, 2015",1110639,-0.12764711615845603
AAPL,"November 25, 2014",158400,0.022275931320708733
AAPL,"November 25, 2014",119625000,0.022275931320708733
AAPL,"May 5, 2014",158400,0.003788690556045877
AAPL,"May 5, 2014",119625000,0.003788690556045877
AAPL,"May 2, 2014",158400,0.0035057742863910234
AAPL,"May 2, 2014",119625000,0.0035057742863910234
INTC,"June 23, 2017",897187,ERROR
INTC,"August 20, 2015",1110639,-0.1023845336119264
INTC,"November 25, 2014",158400,0.03552303851090043
INTC,"November 25, 2014",119625000,0.03552303851090043
INTC,"May 5, 2014",158400,-0.0035060982802793293
INTC,"May 5, 2014",119625000,-0.0035060982802793293
INTC,"May 2, 2014",158400,-0.0020744288069311336
INTC,"May 2, 2014",119625000,-0.0020744288069311336
IBM,"June 23, 2017",897187,ERROR
IBM,"August 20, 2015",1110639,-0.08571537360711162
IBM,"November 25, 2014",158400,0.009479484966503207
IBM,"November 25, 2014",119625000,0.009479484966503207
IBM,"May 5, 2014",158400,-0.03137120699621043
IBM,"May 5, 2014",119625000,-0.03137120699621043
IBM,"May 2, 2014",158400,-0.026381672645438645
IBM,"May 2, 2014",119625000,-0.026381672645438645
MSFT,"August 20, 2015",1110639,-0.12033884491660918
MSFT,"November 25, 2014",158400,-0.018444409155466905
MSFT,"November 25, 2014",119625000,-0.018444409155466905
MSFT,"May 5, 2014",158400,-0.024556735585934117
MSFT,"May 5, 2014",119625000,-0.024556735585934117
MSFT,"May 2, 2014",158400,-0.036449828417331076
MSFT,"May 2, 2014",119625000,-0.036449828417331076
AMZN,"January 9, 2015",341649,-0.0018643769308334087
BBY,"January 9, 2015",341649,0.04311572032217741
SHLD,"January 9, 2015",341649,0.11058299368960745
CCV,"February 21, 2017",1500000,-0.007803362951228603
AAPL,"September 2, 2015",736595,-0.03612901692667862
UEIC,"September 4, 2015",478542,0.011578753273996604
UEIC,"September 4, 2015",4623389,0.011578753273996604
SNA,"September 25, 2014",121837,-0.01179380702613937
PRGO,"December 4, 2015",173193,-0.005510804998387331
PRGO,"December 4, 2015",244005,-0.005510804998387331
PRGO,"December 4, 2015",461292,-0.005510804998387331
PRGO,"December 4, 2015",5336391,-0.005510804998387331
POWI,"August 7, 2015",2385000,0.040256297170463494
POWI,"June 5, 2015",2385000,-0.03842341267646115
LLNW,"April 15, 2015",550000,-0.0292418495944975
NTAP,"April 15, 2015",550000,0.013997840969500798
XLNX,"April 15, 2015",550000,-0.00549067474820372
NVDA,"May 18, 2016",2574977,0.07857758877781648
NVDA,"May 18, 2016",10240000,0.07857758877781648
NVDA,"April 25, 2016",10240000,0.02331995742643452
NVDA,"August 6, 2015",10240000,0.15871674380964013
NVDA,"July 7, 2015",312463,-0.04974655815514309
NVDA,"May 4, 2015",10240000,-0.0018082084224143274
TXN,"May 18, 2016",2574977,0.02438500543585244
TXN,"May 18, 2016",10240000,0.02438500543585244
TXN,"April 25, 2016",10240000,0.014625798347700784
TXN,"August 6, 2015",10240000,0.03895960014360098
TXN,"July 7, 2015",312463,-0.07602120604818728
TXN,"May 4, 2015",10240000,-0.024283765023731887
T,"May 20, 2016",125000,-0.015719976957067464
BXS,"May 20, 2016",125000,0.08014750489982374
BBT,"May 20, 2016",125000,0.05553795615540017
CHTR,"May 20, 2016",125000,0.1160331178083057
BLW,"May 20, 2016",125000,-0.0006698245346544182
DFS,"May 20, 2016",125000,0.036360894685948844
EBAY,"May 20, 2016",125000,0.032969977657527225
ETSY,"May 20, 2016",125000,0.0011785505194441305
FB,"May 20, 2016",125000,0.002978083523701904
FIS,"May 20, 2016",125000,0.0243781864844463
FITB,"May 20, 2016",125000,0.04966172401975863
FISV,"May 20, 2016",125000,0.01175804766935218
GRPN,"May 20, 2016",125000,0.017595761890379792
HUM,"May 20, 2016",125000,-0.00011719266473618484
INTU,"May 20, 2016",125000,0.04927948835855235
MS,"May 20, 2016",125000,0.04667640927071806
BPOP,"May 20, 2016",125000,0.06447445461469646
CTAA,"May 20, 2016",125000,-0.0023094313130179386
STT,"May 20, 2016",125000,0.046801682881655746
STI,"May 20, 2016",125000,0.047746924477270386
AMTD,"May 20, 2016",125000,0.09933975300343112
SCHW,"May 20, 2016",125000,0.07916063656518846
TWTR,"May 20, 2016",125000,-0.021854941057104702
USB,"May 20, 2016",125000,0.037594765940824976
WFC,"May 20, 2016",125000,0.03264086347639623
YHOO,"May 20, 2016",125000,0.006951873010411363
DECK,"December 10, 2013",107226,-0.027356753829717903
DECK,"November 25, 2013",107226,0.06677511383126503
JKHY,"March 31, 2016",1000000,0.012925101200450213
AMZN,"December 21, 2015",187060,-0.018022552826470827
AAPL,"December 21, 2015",187060,-0.024825044544217488
BKS,"December 21, 2015",187060,-0.002166804855536799
HPQ,"December 21, 2015",187060,-0.042488520340289576
SWIR,"December 21, 2015",187060,0.016468868209334155
NOK,"September 30, 2014",1700000,-0.03205032723705178
AVT,"February 17, 2016",129148,0.0770192242726751
AVT,"February 17, 2016",1095807,0.0770192242726751
AVT,"January 28, 2016",129148,0.041851303081968085
AVT,"January 28, 2016",1095807,0.041851303081968085
AAPL,"November 23, 2016",157315,0.013626504500628116
AAPL,"August 12, 2016",365000,0.005224719715653956
AAPL,"November 19, 2015",9300000,0.030787502878557544
AAPL,"November 19, 2015",4000000,0.030787502878557544
AAPL,"November 19, 2015",365000,0.030787502878557544
AAPL,"February 3, 2016",290725067,-0.02929084760452102
AAPL,"February 3, 2016",334908773,-0.02929084760452102
SHLD,"May 12, 2017",5979616,-0.2346159524764465
AAPL,"February 17, 2015",200000,0.028186418417998495
MRO,"March 16, 2016",750000,0.04125202133764776
MRO,"January 20, 2016",750000,-0.005527684776890876
MRO,"January 14, 2016",750000,-0.22522474248649313
MRO,"January 14, 2016",750000,-0.22522474248649313
MRO,"September 4, 2015",750000,-0.12231848784650677
BBRY,"February 26, 2016",15700000,0.057540954680848036
BBRY,"August 11, 2015",204341,-0.007863736460214594
BBRY,"February 13, 2015",15700000,0.04537267389953934
EA,"April 24, 2015",4863925,0.0013543594418302645
EA,"December 5, 2014",4863925,0.04372405764090438
IBM,"August 19, 2014",123934,0.017673543869234143
CGNX,"May 1, 2014",2578286,-0.023751410121839532
AAPL,"November 21, 2014",23575000,0.018278322432235903
AAPL,"November 17, 2014",23575000,0.030278626104400817
SNPS,"December 19, 2014",1334730,0.044162369168644834
SNPS,"November 17, 2014",242110,-0.005234392342758684
SNPS,"November 17, 2014",36417661,-0.005234392342758684
SNPS,"October 10, 2014",242110,-0.05043527163002878
SNPS,"October 10, 2014",36417661,-0.05043527163002878
CCV,"March 27, 2015",407047,0.0003874881150264151
LLNW,"March 27, 2015",407047,0.01386984786415048
NTAP,"March 27, 2015",407047,-0.010938272261989493
XLNX,"March 27, 2015",407047,0.0285356028900352
CBS,"September 15, 2014",1300000,-0.013976335181382749
AVX,"January 26, 2016",37500000,0.032970160479071475
FFIV,"September 7, 2016",6844360,-0.04626582023143577
FFIV,"March 15, 2016",1400000,0.024776843077122294
FFIV,"March 15, 2016",5000000,0.024776843077122294
RDWR,"September 7, 2016",6844360,-0.004457659684518394
RDWR,"March 15, 2016",1400000,0.042819997182928365
RDWR,"March 15, 2016",5000000,0.042819997182928365
AAPL,"February 24, 2015",532900000,0.015220318073448647
AAPL,"November 20, 2014",113563,0.039898630082852576
BKS,"January 4, 2017",266832,-0.05879932813110346
BKS,"December 28, 2016",266832,-0.08588970496873424
BKS,"November 4, 2014",1330000,0.053744565934084054
SNPS,"June 27, 2017",30400000,ERROR
SNPS,"March 10, 2016",8400000,0.0017326839942412922
SNPS,"March 10, 2016",22000000,0.0017326839942412922
PRGO,"December 14, 2016",10210071,0.0045953933642231696
JCOM,"December 15, 2016",336389,0.03167014393973105
JCOM,"December 15, 2016",459511,0.03167014393973105
JCOM,"December 15, 2016",1035474,0.03167014393973105
JCOM,"December 15, 2016",1099292,0.03167014393973105
JCOM,"December 15, 2016",3844629,0.03167014393973105
JCOM,"December 15, 2016",4402916,0.03167014393973105
JCOM,"December 15, 2016",7689258,0.03167014393973105
JCOM,"December 15, 2016",8788550,0.03167014393973105
JCOM,"December 15, 2016",9579507,0.03167014393973105
JCOM,"December 15, 2016",16048220,0.03167014393973105
SUPN,"April 4, 2017",150000,-0.034177418689004195
INTC,"August 19, 2016",114684,0.005381774454296907
INTC,"August 4, 2015",111787,0.011726221901797073
INTC,"August 4, 2015",1666700,0.011726221901797073
INTC,"August 4, 2015",6000000,0.011726221901797073
INTC,"August 4, 2015",7750000,0.011726221901797073
INTC,"August 4, 2015",24000000,0.011726221901797073
GILD,"March 24, 2016",200000000,-0.005084619434236392
CSCO,"June 1, 2017",104640,ERROR
CSCO,"June 1, 2017",1595309,ERROR
CSCO,"June 1, 2017",7934881,ERROR
CSCO,"June 1, 2017",23660000,ERROR
CSCO,"May 25, 2017",104640,ERROR
CSCO,"May 25, 2017",1595309,ERROR
CSCO,"May 25, 2017",7934881,ERROR
CSCO,"May 25, 2017",23660000,ERROR
CSCO,"May 12, 2016",8680000,0.017203097479416243
CSCO,"May 12, 2016",14980000,0.017203097479416243
AAPL,"September 24, 2015",103264,-0.024336713786433782
BOX,"August 20, 2015",4918661,-0.11324632768269965
BOX,"February 13, 2015",4918661,-0.1536743759363769
AMZN,"January 20, 2016",420000,0.005683657173901922
AAPL,"January 20, 2016",420000,0.018911776947244635
BBRY,"January 20, 2016",420000,-0.0432726269267215
CAMP,"April 24, 2017",118686,0.004432140219338833
CAMP,"April 24, 2017",1100000,0.004432140219338833
CAMP,"April 24, 2017",2975200,0.004432140219338833
CAMP,"April 24, 2017",5950400,0.004432140219338833
CAMP,"February 24, 2016",2975200,0.00396040144016553
BBRY,"February 4, 2015",860600,-0.016890615164423556
AAPL,"June 6, 2017",841587,ERROR
AAPL,"October 26, 2015",234277669,0.047298755307405384
AAPL,"October 19, 2015",234277669,0.03170336130207226
WLK,"December 29, 2016",133853,-0.005396432128387078
MON,"March 3, 2015",360000,-0.005852004574069252
SYK,"May 16, 2017",2357849,8.586881206085195e-17
SYK,"May 16, 2017",525042,8.586881206085195e-17
SYK,"May 16, 2017",2357849,8.586881206085195e-17
SYK,"May 16, 2017",2625210,8.586881206085195e-17
SYK,"May 16, 2017",3019194,8.586881206085195e-17
SYK,"May 16, 2017",15095970,8.586881206085195e-17
SYK,"November 11, 2016",2625210,-0.09643621317566607
SYK,"November 11, 2016",15095970,-0.09643621317566607
INTC,"October 31, 2016",15000000,-0.009206150814836124
INTC,"September 21, 2016",15000000,-0.012824243075162868
ZNGA,"September 10, 2015",1188773,-0.004008021397538611
AAPL,"September 14, 2016",22118216,0.10824592537171854
T,"September 14, 2016",22118216,0.012264014702918333
S,"September 14, 2016",22118216,7.979727989493313e-17
TMUS,"September 14, 2016",22118216,0.04189668656917707
VZ,"September 14, 2016",22118216,0.0011572278467652719
BBBY,"July 14, 2016",931903,-0.018103037848655162
GGG,"March 14, 2017",204221,0.021893934490254056
GGG,"December 1, 2016",313000,0.006811020142318393
GGG,"November 17, 2016",313000,-0.00875627406531994
GILD,"January 26, 2017",2540000000,0.011533284332401233
GILD,"December 15, 2016",2540000000,0.01899658489197547
CAJ,"April 12, 2017",1796790,-0.006727528069052092
HPQ,"April 12, 2017",1796790,0.046677106922842326
CGNX,"May 14, 2015",4410750,0.0591838794677532
CGNX,"May 1, 2015",4410750,-0.04864388182436306
DD,"May 19, 2017",3272000,-0.022501615029687515
DD,"May 16, 2017",3272000,-0.024616601990445835
SHLD,"April 22, 2015",614250,-0.03511639977148094
SHLD,"April 22, 2015",1228500,-0.03511639977148094
LZB,"February 28, 2017",5516678,0.028068269625974487
LZB,"March 16, 2016",5782032,0.0392359496884596
DUK,"December 21, 2016",486000,0.013358546092828705
DUK,"December 21, 2016",486000,0.013358546092828705
DUK,"October 3, 2016",972000,-0.050709515461287547
DUK,"October 3, 2016",486000,-0.050709515461287547
ITRI,"December 21, 2016",486000,-0.0038925702367283385
ITRI,"December 21, 2016",486000,-0.0038925702367283385
ITRI,"October 3, 2016",972000,0.01360084553043995
ITRI,"October 3, 2016",486000,0.01360084553043995
MSFT,"December 23, 2016",299319,-0.008693661081258023
MSFT,"December 23, 2016",141645,-0.008693661081258023
MSFT,"December 14, 2016",299319,0.00531094729869813
MSFT,"December 14, 2016",141645,0.00531094729869813
HPE,"February 27, 2017",324558,-0.0667470034302808
HPE,"October 7, 2016",324558,-0.016053589438962866
HPQ,"February 27, 2017",324558,0.08402337542413181
HPQ,"October 7, 2016",324558,0.005194852453654503
SATS,"May 26, 2017",4320000,ERROR
HPE,"May 26, 2017",4320000,ERROR
HPQ,"May 26, 2017",4320000,ERROR
TDC,"May 26, 2017",4320000,ERROR
LLY,"May 18, 2017",930100,-0.04222397148585515
LLY,"May 18, 2017",20000000,-0.04222397148585515
LLY,"April 21, 2017",20000000,-7.632783294297951e-17
WHR,"March 10, 2017",7600000,0.01925682397625501
AAPL,"May 5, 2017",7300000,0.04299173349695398
AAPL,"December 22, 2016",7300000,0.005301406405282434
AAPL,"December 15, 2016",3400000,0.02905304263252897
AAPL,"December 15, 2016",3900000,0.02905304263252897
NOK,"May 5, 2017",7300000,0.05658743814853489
NOK,"December 22, 2016",7300000,0.0040817591332958855
NOK,"December 15, 2016",3400000,0.0546353236244939
NOK,"December 15, 2016",3900000,0.0546353236244939
AAPL,"January 25, 2017",152000,0.016119324230240418
AAPL,"January 25, 2017",355000,0.016119324230240418
MSFT,"January 25, 2017",152000,0.04731662848084621
MSFT,"January 25, 2017",355000,0.04731662848084621
NKE,"June 16, 2017",102649,ERROR
